EMP NO,LAST DATE,ATTRITION DATE,,
STAFF-1,03-Apr-24,04-Apr-24,,
STAFF-3,08-Apr-20,09-Apr-20,,
STAFF-4,03-Nov-23,06-Nov-23,,
STAFF-5,11-Nov-20,12-Nov-20,,
STAFF-6,09-Mar-12,12-Mar-12,,
STAFF-7,03-Sep-19,04-Sep-19,,
STAFF-8,01-Oct-14,02-Oct-14,,
STAFF-9,13-Dec-23,14-Dec-23,,
STAFF-10,12-Oct-28,13-Oct-28,,
STAFF-11,12-Dec-04,13-Dec-04,,
STAFF-12,08-Jan-23,09-Jan-23,,
STAFF-13,05-Sep-23,06-Sep-23,,
STAFF-14,14-Feb-21,15-Feb-21,,
STAFF-15,13-Mar-16,14-Mar-16,,
STAFF-16,13-Feb-30,14-Feb-30,,
STAFF-17,02-Nov-26,03-Nov-26,,
STAFF-18,08-Apr-15,09-Apr-15,,
STAFF-19,11-Sep-33,12-Sep-33,,
STAFF-20,09-Jan-14,10-Jan-14,,
STAFF-21,08-Jan-14,09-Jan-14,,
STAFF-22,15-Mar-99,16-Mar-99,,
STAFF-23,04-Sep-29,05-Sep-29,,
STAFF-24,09-Apr-13,10-Apr-13,,
STAFF-25,09-Dec-21,10-Dec-21,,
STAFF-27,07-Nov-23,08-Nov-23,,
STAFF-34,08-Aug-20,10-Aug-20,,
STAFF-35,06-Nov-11,07-Nov-11,,
STAFF-37,05-Jun-20,08-Jun-20,,
STAFF-43,09-Jan-20,10-Jan-20,,
STAFF-46,14-Mar-23,15-Mar-23,,
STAFF-51,10-Jan-21,11-Jan-21,,
STAFF-52,14-Sep-15,15-Sep-15,,
STAFF-70,09-Sep-15,10-Sep-15,,
STAFF-90,10-Aug-20,11-Aug-20,,
STAFF-101,02-Jul-18,03-Jul-18,,
STAFF-103,09-Oct-21,11-Oct-21,,
STAFF-108,15-Aug-23,16-Aug-23,,
STAFF-112,13-Mar-22,14-Mar-22,,
STAFF-123,04-Aug-08,05-Aug-08,,
STAFF-125,03-Apr-19,04-Apr-19,,
STAFF-127,06-Dec-23,07-Dec-23,,
STAFF-128,04-Dec-12,05-Dec-12,,
STAFF-133,08-Jul-09,09-Jul-09,,
STAFF-137,11-Apr-24,12-Apr-24,,
STAFF-141,01-Oct-20,02-Oct-20,,
STAFF-172,11-Nov-12,12-Nov-12,,
STAFF-178,09-Mar-09,10-Mar-09,,
STAFF-183,15-Oct-21,18-Oct-21,,
STAFF-193,06-Oct-08,07-Oct-08,,
STAFF-205,08-Jun-13,10-Jun-13,,
STAFF-206,03-Mar-23,06-Mar-23,,
STAFF-211,08-Jan-21,11-Jan-21,,
STAFF-215,03-Jul-13,04-Jul-13,,
STAFF-217,11-Oct-19,14-Oct-19,,
STAFF-218,07-Feb-24,08-Feb-24,,
STAFF-230,05-Mar-17,06-Mar-17,,
STAFF-235,05-Nov-10,08-Nov-10,,
STAFF-237,04-Jan-20,06-Jan-20,,
STAFF-240,06-Jun-12,07-Jun-12,,
STAFF-251,08-Jun-21,09-Jun-21,,
STAFF-260,05-Feb-19,06-Feb-19,,
STAFF-265,05-Jul-16,06-Jul-16,,
STAFF-272,14-May-23,15-May-23,,
STAFF-287,04-Dec-12,05-Dec-12,,
STAFF-289,03-Aug-17,04-Aug-17,,
STAFF-294,02-Apr-22,04-Apr-22,,
STAFF-297,06-Dec-17,07-Dec-17,,
STAFF-318,09-Jul-21,12-Jul-21,,
STAFF-324,15-Dec-23,18-Dec-23,,
STAFF-328,12-Apr-16,13-Apr-16,,
STAFF-337,05-Nov-17,06-Nov-17,,
STAFF-358,09-May-19,10-May-19,,
STAFF-364,08-Aug-99,09-Aug-99,,
STAFF-367,06-Feb-18,07-Feb-18,,
STAFF-369,04-Dec-22,05-Dec-22,,
STAFF-371,02-Mar-18,05-Mar-18,,
STAFF-379,02-Dec-21,03-Dec-21,,
STAFF-383,09-Apr-19,10-Apr-19,,
STAFF-386,05-Mar-98,06-Mar-98,,
STAFF-406,06-Jan-18,08-Jan-18,,
STAFF-415,01-Jan-97,02-Jan-97,,
STAFF-416,13-Nov-22,14-Nov-22,,
STAFF-422,05-Jun-11,06-Jun-11,,
STAFF-423,10-Mar-15,11-Mar-15,,
STAFF-436,15-Sep-16,16-Sep-16,,
STAFF-437,06-Dec-17,07-Dec-17,,
STAFF-440,01-Feb-22,02-Feb-22,,
STAFF-441,15-Apr-18,16-Apr-18,,
STAFF-444,03-Sep-22,05-Sep-22,,
STAFF-454,10-Dec-20,11-Dec-20,,
STAFF-458,11-Jun-21,14-Jun-21,,
STAFF-464,06-Sep-20,07-Sep-20,,
STAFF-470,01-May-19,02-May-19,,
STAFF-480,07-May-24,08-May-24,,
STAFF-481,12-Sep-23,13-Sep-23,,
STAFF-483,15-Jun-23,16-Jun-23,,
STAFF-496,14-Dec-23,15-Dec-23,,
STAFF-505,06-Dec-23,07-Dec-23,,
STAFF-514,06-Dec-23,07-Dec-23,,
STAFF-515,08-Feb-24,09-Feb-24,,
STAFF-526,13-Jan-24,15-Jan-24,,
STAFF-529,14-Mar-24,15-Mar-24,,
STAFF-541,13-Jun-23,14-Jun-23,,
STAFF-548,07-Sep-23,08-Sep-23,,
STAFF-563,12-Mar-24,13-Mar-24,,
STAFF-567,04-Oct-23,05-Oct-23,,
STAFF-569,04-Jan-24,05-Jan-24,,
STAFF-574,02-Jan-24,03-Jan-24,,
STAFF-586,10-Aug-23,11-Aug-23,,
STAFF-590,10-Jul-23,11-Jul-23,,
STAFF-592,13-Sep-23,14-Sep-23,,
STAFF-596,05-Jan-24,08-Jan-24,,
STAFF-599,14-Sep-23,15-Sep-23,,
STAFF-608,09-Feb-24,12-Feb-24,,
STAFF-609,09-Sep-23,11-Sep-23,,
STAFF-615,14-Mar-24,15-Mar-24,,
STAFF-637,13-Aug-23,14-Aug-23,,
STAFF-646,13-Oct-23,16-Oct-23,,
STAFF-657,08-May-24,09-May-24,,
STAFF-661,02-Jul-23,03-Jul-23,,
STAFF-663,04-Feb-24,05-Feb-24,,
STAFF-664,09-Oct-23,10-Oct-23,,
STAFF-667,09-Jul-23,10-Jul-23,,
STAFF-668,08-Sep-23,11-Sep-23,,
STAFF-670,03-Feb-24,05-Feb-24,,
STAFF-684,09-Jul-23,10-Jul-23,,
STAFF-689,15-Aug-23,16-Aug-23,,
STAFF-690,09-Jun-23,12-Jun-23,,
STAFF-694,07-Jul-23,10-Jul-23,,
STAFF-696,14-Jul-23,17-Jul-23,,
STAFF-701,13-Mar-24,14-Mar-24,,
STAFF-707,10-Apr-24,11-Apr-24,,
STAFF-710,01-May-24,02-May-24,,
STAFF-712,03-Dec-23,04-Dec-23,,
STAFF-721,10-Jun-23,12-Jun-23,,
STAFF-726,03-Oct-23,04-Oct-23,,
STAFF-732,04-Jul-23,05-Jul-23,,
STAFF-733,06-Nov-23,07-Nov-23,,
STAFF-745,06-Aug-23,07-Aug-23,,
STAFF-749,14-Sep-23,15-Sep-23,,
STAFF-750,03-Jan-24,04-Jan-24,,
STAFF-753,04-Aug-23,07-Aug-23,,
STAFF-762,09-Aug-23,10-Aug-23,,
STAFF-763,03-Apr-24,04-Apr-24,,
STAFF-777,12-Mar-24,13-Mar-24,,
STAFF-778,06-Dec-23,07-Dec-23,,
STAFF-780,04-Dec-23,05-Dec-23,,
STAFF-781,15-Sep-23,18-Sep-23,,
STAFF-790,11-Jul-23,12-Jul-23,,
STAFF-792,02-May-24,03-May-24,,
STAFF-793,10-Jan-24,11-Jan-24,,
STAFF-797,08-Jul-23,10-Jul-23,,
STAFF-798,15-Oct-23,16-Oct-23,,
STAFF-799,04-Jun-23,05-Jun-23,,
STAFF-801,06-Jul-23,07-Jul-23,,
STAFF-802,11-Apr-24,12-Apr-24,,
STAFF-814,06-Jul-23,07-Jul-23,,
STAFF-829,02-Oct-23,03-Oct-23,,
STAFF-830,13-Feb-24,14-Feb-24,,
STAFF-832,01-Oct-23,02-Oct-23,,
STAFF-837,12-Mar-24,13-Mar-24,,
STAFF-839,08-Jan-24,09-Jan-24,,
STAFF-843,01-May-24,02-May-24,,
STAFF-850,13-Oct-23,16-Oct-23,,
STAFF-858,14-Jan-24,15-Jan-24,,
STAFF-861,04-Jul-23,05-Jul-23,,
STAFF-865,13-Jan-24,15-Jan-24,,
STAFF-872,10-Jan-24,11-Jan-24,,
STAFF-893,10-Mar-24,11-Mar-24,,
STAFF-912,02-Mar-24,04-Mar-24,,
STAFF-914,11-Mar-24,12-Mar-24,,
STAFF-916,06-Jun-23,07-Jun-23,,
STAFF-929,13-Jul-23,14-Jul-23,,
STAFF-933,08-Jun-23,09-Jun-23,,
STAFF-940,09-Jul-23,10-Jul-23,,
STAFF-941,05-Jul-23,06-Jul-23,,
STAFF-947,12-Jan-24,15-Jan-24,,
STAFF-948,01-Jan-24,02-Jan-24,,
STAFF-953,06-Jan-24,08-Jan-24,,
STAFF-954,08-Mar-24,11-Mar-24,,
STAFF-967,04-Sep-23,05-Sep-23,,
STAFF-976,14-Mar-24,15-Mar-24,,
STAFF-981,07-Apr-24,08-Apr-24,,
STAFF-982,05-Apr-24,08-Apr-24,,
STAFF-986,09-Apr-24,10-Apr-24,,
STAFF-998,07-Jul-23,10-Jul-23,,
STAFF-1401,06-Feb-24,07-Feb-24,,
STAFF-1402,13-Mar-24,14-Mar-24,,
STAFF-1403,05-Feb-24,06-Feb-24,,
STAFF-1404,11-May-24,13-May-24,,
STAFF-1405,11-Nov-23,13-Nov-23,,
STAFF-1406,10-Mar-24,11-Mar-24,,
STAFF-1407,06-May-24,07-May-24,,
STAFF-1408,14-Mar-24,15-Mar-24,,
STAFF-1409,10-Nov-23,13-Nov-23,,
STAFF-1410,07-Dec-23,08-Dec-23,,
STAFF-1411,09-Mar-24,11-Mar-24,,
STAFF-1412,08-Jul-23,10-Jul-23,,
STAFF-1413,04-May-24,06-May-24,,
STAFF-1414,06-Mar-24,07-Mar-24,,
STAFF-1415,15-Aug-23,16-Aug-23,,
STAFF-1416,15-Oct-23,16-Oct-23,,
STAFF-1417,05-Mar-24,06-Mar-24,,
STAFF-1418,09-Jul-23,10-Jul-23,,
STAFF-1419,14-Oct-23,16-Oct-23,,
STAFF-1420,09-Feb-24,12-Feb-24,,
STAFF-1421,12-Feb-24,13-Feb-24,,
STAFF-1422,08-Aug-23,09-Aug-23,,
STAFF-1423,12-Dec-23,13-Dec-23,,
STAFF-1424,06-Sep-23,07-Sep-23,,
STAFF-1425,14-Oct-23,16-Oct-23,,
STAFF-1426,06-Oct-23,09-Oct-23,,
STAFF-1427,14-Jun-23,15-Jun-23,,
STAFF-1428,09-Oct-23,10-Oct-23,,
STAFF-1429,10-Jun-23,12-Jun-23,,
STAFF-1430,15-May-24,16-May-24,,
STAFF-1431,07-Jan-24,08-Jan-24,,
STAFF-1432,11-Dec-23,12-Dec-23,,
STAFF-1433,06-Jun-23,07-Jun-23,,
STAFF-1434,09-Jul-23,10-Jul-23,,
STAFF-1435,12-Mar-24,13-Mar-24,,
STAFF-1436,07-Apr-24,08-Apr-24,,
STAFF-1437,14-Sep-23,15-Sep-23,,
STAFF-1438,08-Jun-23,09-Jun-23,,
STAFF-1439,03-Mar-24,04-Mar-24,,
STAFF-1440,06-May-24,07-May-24,,
STAFF-1441,05-Oct-23,06-Oct-23,,
STAFF-1442,11-Feb-24,12-Feb-24,,
STAFF-1443,08-Feb-24,09-Feb-24,,
STAFF-1444,08-Jan-24,09-Jan-24,,
STAFF-1445,15-May-24,16-May-24,,
STAFF-1446,09-Nov-23,10-Nov-23,,
STAFF-1447,05-Oct-23,06-Oct-23,,
STAFF-1448,03-Jul-23,04-Jul-23,,
STAFF-1449,06-Jan-24,08-Jan-24,,
STAFF-1450,11-Oct-23,12-Oct-23,,
STAFF-1451,07-Feb-24,08-Feb-24,,
STAFF-1452,03-Jan-24,04-Jan-24,,
STAFF-1453,07-Apr-24,08-Apr-24,,
STAFF-1454,13-Nov-23,14-Nov-23,,
STAFF-1455,05-Jun-23,06-Jun-23,,
STAFF-1456,02-Nov-23,03-Nov-23,,
STAFF-1457,09-Mar-24,11-Mar-24,,
STAFF-1458,02-Sep-23,04-Sep-23,,
STAFF-1459,01-Jul-23,03-Jul-23,,
STAFF-1460,01-May-24,02-May-24,,
STAFF-1461,03-Nov-23,06-Nov-23,,
STAFF-1462,14-Mar-24,15-Mar-24,,
STAFF-1463,05-Mar-24,06-Mar-24,,
STAFF-1464,15-Mar-24,18-Mar-24,,
STAFF-1465,07-Jan-24,08-Jan-24,,
STAFF-1466,15-Oct-23,16-Oct-23,,
STAFF-1467,11-Oct-23,12-Oct-23,,
STAFF-1468,05-Nov-23,06-Nov-23,,
STAFF-1469,13-Dec-23,14-Dec-23,,
STAFF-1470,04-Jan-24,05-Jan-24,,
STAFF-1475,05-May-24,06-May-24,,
STAFF-1478,05-Sep-23,06-Sep-23,,
STAFF-1480,06-Jun-23,07-Jun-23,,
STAFF-1487,06-Oct-23,09-Oct-23,,
STAFF-1488,06-Jan-24,08-Jan-24,,
STAFF-1490,14-Mar-24,15-Mar-24,,
STAFF-1496,04-Sep-23,05-Sep-23,,
STAFF-1499,15-Nov-23,16-Nov-23,,
STAFF-1504,14-Dec-23,15-Dec-23,,
STAFF-1505,15-Dec-23,18-Dec-23,,
STAFF-1523,10-Jun-23,12-Jun-23,,
STAFF-1543,13-Aug-23,14-Aug-23,,
STAFF-1554,09-Jan-24,10-Jan-24,,
STAFF-1556,08-Jun-23,09-Jun-23,,
STAFF-1561,09-Dec-23,11-Dec-23,,
STAFF-1565,12-May-24,13-May-24,,
STAFF-1576,14-Oct-23,16-Oct-23,,
STAFF-1578,13-Jun-23,14-Jun-23,,
STAFF-1580,06-Mar-24,07-Mar-24,,
STAFF-1581,07-Jun-23,08-Jun-23,,
STAFF-1586,08-Dec-23,11-Dec-23,,
STAFF-1590,03-Dec-23,04-Dec-23,,
STAFF-1594,05-Feb-24,06-Feb-24,,
STAFF-1625,07-Nov-23,08-Nov-23,,
STAFF-1631,09-May-24,10-May-24,,
STAFF-1636,11-Jun-23,12-Jun-23,,
STAFF-1646,11-Nov-23,13-Nov-23,,
STAFF-1658,05-Jul-23,06-Jul-23,,
STAFF-1659,10-Feb-24,12-Feb-24,,
STAFF-1664,09-Feb-24,12-Feb-24,,
STAFF-1668,08-Sep-23,11-Sep-23,,
STAFF-1670,12-Nov-23,13-Nov-23,,
STAFF-1671,09-Jun-23,12-Jun-23,,
STAFF-1683,01-Aug-23,02-Aug-23,,
STAFF-1688,14-May-24,15-May-24,,
STAFF-1690,05-Aug-23,07-Aug-23,,
STAFF-1693,06-Nov-23,07-Nov-23,,
STAFF-1704,11-Nov-23,13-Nov-23,,
STAFF-1713,02-Oct-23,03-Oct-23,,
STAFF-1718,02-Dec-23,04-Dec-23,,
STAFF-1725,03-Oct-23,04-Oct-23,,
STAFF-1740,09-Jun-23,12-Jun-23,,
STAFF-1742,10-Jan-24,11-Jan-24,,
STAFF-1747,02-Sep-23,04-Sep-23,,
STAFF-1750,05-May-24,06-May-24,,
STAFF-1771,02-May-24,03-May-24,,
STAFF-1777,09-Mar-24,11-Mar-24,,
STAFF-1781,11-Sep-23,12-Sep-23,,
STAFF-1790,09-Dec-23,11-Dec-23,,
STAFF-1811,04-Dec-23,05-Dec-23,,
STAFF-1817,15-Nov-23,16-Nov-23,,
STAFF-1820,03-Aug-23,04-Aug-23,,
STAFF-1822,02-Jun-23,05-Jun-23,,
STAFF-1824,12-Oct-23,13-Oct-23,,
STAFF-1832,05-Dec-23,06-Dec-23,,
STAFF-1836,11-Sep-23,12-Sep-23,,
STAFF-1839,02-Apr-24,03-Apr-24,,
STAFF-1859,02-Feb-24,05-Feb-24,,
STAFF-1868,15-Mar-24,18-Mar-24,,
STAFF-1869,06-Dec-23,07-Dec-23,,
STAFF-1875,05-Aug-23,07-Aug-23,,
STAFF-1876,02-May-24,03-May-24,,
STAFF-1889,06-Dec-23,07-Dec-23,,
STAFF-1890,09-Dec-23,11-Dec-23,,
STAFF-1893,15-Jul-23,17-Jul-23,,
STAFF-1894,09-May-24,10-May-24,,
STAFF-1897,03-Feb-24,05-Feb-24,,
STAFF-1907,10-May-24,13-May-24,,
STAFF-1911,08-Feb-24,09-Feb-24,,
STAFF-1917,14-Nov-23,15-Nov-23,,
STAFF-1923,11-Mar-24,12-Mar-24,,
STAFF-1933,07-Apr-24,08-Apr-24,,
STAFF-1934,01-Feb-24,02-Feb-24,,
STAFF-1936,08-Jul-23,10-Jul-23,,
STAFF-1949,03-Jul-23,04-Jul-23,,
STAFF-1958,09-Apr-24,10-Apr-24,,
STAFF-1967,05-Dec-23,06-Dec-23,,
STAFF-1968,12-Jan-24,15-Jan-24,,
STAFF-1979,08-Mar-24,11-Mar-24,,
STAFF-1982,05-Jun-23,06-Jun-23,,
STAFF-1994,09-Jul-23,10-Jul-23,,
STAFF-2001,14-Feb-24,15-Feb-24,,
STAFF-2016,11-May-24,13-May-24,,
STAFF-2020,10-Jan-24,11-Jan-24,,
STAFF-2022,13-Feb-24,14-Feb-24,,
STAFF-2027,06-Dec-23,07-Dec-23,,
STAFF-2039,15-Dec-23,18-Dec-23,,
STAFF-2043,05-Oct-23,06-Oct-23,,
STAFF-2045,03-May-24,06-May-24,,
STAFF-2049,08-Mar-24,11-Mar-24,,
STAFF-2052,12-Apr-24,15-Apr-24,,
STAFF-2061,15-Oct-23,16-Oct-23,,
STAFF-2062,14-Jun-23,15-Jun-23,,
STAFF-2068,02-Feb-24,05-Feb-24,,
STAFF-2090,01-Aug-23,02-Aug-23,,
STAFF-2099,08-Feb-24,09-Feb-24,,
STAFF-2110,02-May-24,03-May-24,,
STAFF-2114,05-Jun-23,06-Jun-23,,
STAFF-2116,05-Jan-24,08-Jan-24,,
STAFF-2117,05-Nov-23,06-Nov-23,,
STAFF-2120,06-Dec-23,07-Dec-23,,
STAFF-2121,03-Mar-24,04-Mar-24,,
STAFF-2123,07-Jan-24,08-Jan-24,,
STAFF-2137,11-Apr-24,12-Apr-24,,
STAFF-2142,11-Apr-24,12-Apr-24,,
STAFF-2143,04-Jun-23,05-Jun-23,,
STAFF-2147,03-Jul-23,04-Jul-23,,
STAFF-2149,06-Nov-23,07-Nov-23,,
STAFF-2154,05-Feb-24,06-Feb-24,,
STAFF-2160,10-Jul-23,11-Jul-23,,
STAFF-2163,01-May-24,02-May-24,,
STAFF-2165,15-Apr-24,16-Apr-24,,
STAFF-2174,07-Jun-23,08-Jun-23,,
STAFF-2179,01-Aug-23,02-Aug-23,,
STAFF-2185,05-Aug-23,07-Aug-23,,
STAFF-2186,06-Apr-24,08-Apr-24,,
STAFF-2198,05-Jan-24,08-Jan-24,,
STAFF-2202,03-Jan-24,04-Jan-24,,
STAFF-2203,02-Apr-24,03-Apr-24,,
STAFF-2206,03-Jul-23,04-Jul-23,,
STAFF-2215,09-May-24,10-May-24,,
STAFF-2216,06-Jan-24,08-Jan-24,,
STAFF-2230,04-Jul-23,05-Jul-23,,
STAFF-2231,13-Sep-23,14-Sep-23,,
STAFF-2233,14-Apr-24,15-Apr-24,,
STAFF-2234,14-Dec-23,15-Dec-23,,
STAFF-2243,08-Aug-23,09-Aug-23,,
STAFF-2245,15-Nov-23,16-Nov-23,,
STAFF-2246,13-Nov-23,14-Nov-23,,
STAFF-2250,06-Feb-24,07-Feb-24,,
STAFF-2251,12-Aug-23,14-Aug-23,,
STAFF-2252,04-Dec-23,05-Dec-23,,
STAFF-2254,05-May-24,06-May-24,,
STAFF-2255,02-Mar-24,04-Mar-24,,
STAFF-2267,12-Jan-24,15-Jan-24,,
STAFF-2282,10-Mar-24,11-Mar-24,,
STAFF-2283,07-Mar-24,08-Mar-24,,
STAFF-2285,10-Jan-24,11-Jan-24,,
STAFF-2290,03-Jul-23,04-Jul-23,,
STAFF-2292,07-Nov-23,08-Nov-23,,
STAFF-2296,03-May-24,06-May-24,,
STAFF-2303,02-Dec-23,04-Dec-23,,
STAFF-2311,10-Feb-24,12-Feb-24,,
STAFF-2314,11-Sep-23,12-Sep-23,,
STAFF-2318,01-Feb-24,02-Feb-24,,
STAFF-2325,09-Apr-24,10-Apr-24,,
STAFF-2346,05-Jan-24,08-Jan-24,,
STAFF-2365,09-Jul-23,10-Jul-23,,
STAFF-2367,05-Mar-24,06-Mar-24,,
STAFF-2369,01-Feb-24,02-Feb-24,,
STAFF-2382,10-Feb-24,12-Feb-24,,
STAFF-2386,13-Dec-23,14-Dec-23,,
STAFF-2393,11-Jun-23,12-Jun-23,,
STAFF-2394,06-May-24,07-May-24,,
STAFF-2400,08-Aug-23,09-Aug-23,,
STAFF-2401,02-Oct-23,03-Oct-23,,
STAFF-2406,15-Jun-23,16-Jun-23,,
STAFF-2407,04-Jan-24,05-Jan-24,,
STAFF-2420,08-May-24,09-May-24,,
STAFF-2429,12-Apr-24,15-Apr-24,,
STAFF-2434,03-Oct-23,04-Oct-23,,
STAFF-2435,11-Nov-23,13-Nov-23,,
STAFF-2439,01-Oct-23,02-Oct-23,,
STAFF-2451,15-Oct-23,16-Oct-23,,
STAFF-2854,01-Feb-24,02-Feb-24,,
STAFF-2855,10-Oct-23,11-Oct-23,,
STAFF-2856,03-Aug-23,04-Aug-23,,
STAFF-2857,02-Dec-23,04-Dec-23,,
STAFF-2858,06-Jan-24,08-Jan-24,,
STAFF-2859,03-Apr-24,04-Apr-24,,
STAFF-2860,15-Nov-23,16-Nov-23,,
STAFF-2861,14-Nov-23,15-Nov-23,,
STAFF-2862,14-Jan-24,15-Jan-24,,
STAFF-2863,08-Jan-24,09-Jan-24,,
STAFF-2864,13-Mar-24,14-Mar-24,,
STAFF-2865,11-Jan-24,12-Jan-24,,
STAFF-2866,07-Dec-23,08-Dec-23,,
STAFF-2867,01-Jan-24,02-Jan-24,,
STAFF-2868,13-Nov-23,14-Nov-23,,
STAFF-2869,11-Jul-23,12-Jul-23,,
STAFF-2870,12-May-24,13-May-24,,
STAFF-2871,10-Jul-23,11-Jul-23,,
STAFF-2872,10-Oct-23,11-Oct-23,,
STAFF-2873,01-Mar-24,04-Mar-24,,
STAFF-2874,05-Jun-23,06-Jun-23,,
STAFF-2875,10-Mar-24,11-Mar-24,,
STAFF-2876,11-Apr-24,12-Apr-24,,
STAFF-2877,12-Sep-23,13-Sep-23,,
STAFF-2878,13-Nov-23,14-Nov-23,,
STAFF-2879,04-Nov-23,06-Nov-23,,
STAFF-2880,07-Apr-24,08-Apr-24,,
STAFF-2881,14-Jan-24,15-Jan-24,,
STAFF-2882,01-Sep-23,04-Sep-23,,
STAFF-2883,01-Sep-23,04-Sep-23,,
STAFF-2884,15-Jan-24,16-Jan-24,,
STAFF-2885,05-Dec-23,06-Dec-23,,
STAFF-2886,02-Jan-24,03-Jan-24,,
STAFF-2887,14-Jul-23,17-Jul-23,,
STAFF-2888,15-Sep-23,18-Sep-23,,
STAFF-2889,06-Dec-23,07-Dec-23,,
STAFF-2890,04-Oct-23,05-Oct-23,,
STAFF-2891,04-Jun-23,05-Jun-23,,
STAFF-2892,01-Feb-24,02-Feb-24,,
STAFF-2893,15-Apr-24,16-Apr-24,,
STAFF-2894,10-Apr-24,11-Apr-24,,
STAFF-2895,03-May-24,06-May-24,,
STAFF-2896,03-Sep-23,04-Sep-23,,
STAFF-2897,11-Jan-24,12-Jan-24,,
STAFF-2898,02-Dec-23,04-Dec-23,,
STAFF-2899,14-Jan-24,15-Jan-24,,
STAFF-2900,10-Sep-23,11-Sep-23,,
STAFF-2901,08-Apr-24,09-Apr-24,,
STAFF-2902,07-Jan-24,08-Jan-24,,
STAFF-2903,04-Jan-24,05-Jan-24,,
STAFF-2904,15-Apr-24,16-Apr-24,,
STAFF-2905,15-Dec-23,18-Dec-23,,
STAFF-2906,10-Dec-23,11-Dec-23,,
STAFF-2907,15-May-24,16-May-24,,
STAFF-2908,12-Oct-23,13-Oct-23,,
STAFF-2909,09-Jul-23,10-Jul-23,,
STAFF-2910,11-Jun-23,12-Jun-23,,
STAFF-2911,12-Jan-24,15-Jan-24,,
STAFF-2912,05-Jul-23,06-Jul-23,,
STAFF-2913,12-Aug-23,14-Aug-23,,
STAFF-2914,14-Aug-23,15-Aug-23,,
STAFF-2915,02-Mar-24,04-Mar-24,,
STAFF-2916,06-Sep-23,07-Sep-23,,
STAFF-2917,11-Nov-23,13-Nov-23,,
STAFF-2918,01-Jun-23,02-Jun-23,,
STAFF-2919,14-Jun-23,15-Jun-23,,
STAFF-2920,12-Sep-23,13-Sep-23,,
STAFF-2921,02-Mar-24,04-Mar-24,,
STAFF-2922,01-May-24,02-May-24,,
STAFF-2923,13-Aug-23,14-Aug-23,,
STAFF-2924,03-Sep-23,04-Sep-23,,
STAFF-2925,11-Nov-23,13-Nov-23,,
